first_name,last_name,job_title,person_linkedin_url,person_location,email,company_name,company_website,company_linkedin_url,company_location,industry,employees,company_description,ai_qualification,tier,notes,email_subject,email_body,linkedin_message
Rémi,Martini,Co-Founder & CEO,https://www.linkedin.com/in/remimartini/,Ciudad de México,,Sarelly Sarelly,sarelly.com,,CDMX,Belleza y cosméticos,,Marca D2C mexicana de maquillaje/cosméticos; #1 en TikTok Shop México; almacén propio en Col. Juárez CDMX,"Ronda semilla USD 3M (Wollef) para expansión a Europa/Ulta Beauty, julio 2026. CEO co-fundador; con capital fresco para escalar internacionalmente, la distribución nacional en México se vuelve cuello de botella. Fit iMile: almacén propio en CDMX, paquete <1kg, venta nacional.",1,Requiere enriquecimiento de email,expansión y logística,"Qué tal Rémi,

Vi que Sarelly cerró la ronda semilla con Wollef para llevar la marca a Europa y Ulta Beauty. Con ese ritmo de crecimiento, la distribución nacional en México se vuelve un cuello de botella rápido.

En iMile manejamos recolección directa en CDMX y entregamos a nivel nacional en 32 estados, con tasa de éxito arriba de 98.5%.

Desconozco cómo lo están resolviendo hoy para la parte de distribución en México.

¿Tienes 10 minutos esta semana para platicarlo? Si Quentin lleva más de cerca la operación, con gusto se lo comparto directo.","Qué tal Rémi, vi la ronda semilla de Sarelly con Wollef para Europa y Ulta. En iMile entregamos a nivel nacional en México con 98.5% de éxito. ¿Cómo están resolviendo la distribución mientras escalan? Te comparto en 10 min si te sirve."
Quentin,Tran,Co-Founder & COO,https://www.linkedin.com/in/quentin-tran90/,Ciudad de México,,Sarelly Sarelly,sarelly.com,,CDMX,Belleza y cosméticos,,Marca D2C mexicana de maquillaje/cosméticos; #1 en TikTok Shop México; almacén propio en Col. Juárez CDMX,"COO co-fundador; picos de demanda comprobados (2,040 pedidos en un live de TikTok Shop). Fit iMile: capacidad para absorber picos virales sin fricción, recolección en CDMX.",1,Requiere enriquecimiento de email,picos de demanda,"Qué tal Quentin,

Vi que en un solo live de TikTok Shop, Sarelly movió más de 2,000 pedidos. Ese tipo de picos exige una red que aguante el volumen sin que la entrega se vuelva el cuello de botella.

En iMile escalamos de 400,000 a 1,000,000 de paquetes diarios en fechas como Buen Fin sin fricción.

Desconozco cómo lo están resolviendo hoy cuando un live se dispara así.

¿Tienes 10 minutos esta semana para platicarlo?","Qué tal Quentin, vi que un live de TikTok Shop les generó más de 2,000 pedidos en un día. En iMile escalamos de 400k a 1M paquetes diarios sin fricción en picos como el Buen Fin. ¿Cómo aguanta hoy la distribución esos picos?"
Joshua,Pineda,Country Manager,https://mx.linkedin.com/in/joshua-pineda-b48b22b3,México,,Hawkers México,hawkersco.com,,"Estado de México (CEDI 3PL Logisfashion, Cuautitlán Izcalli)",Moda y accesorios (lentes de sol),,Marca española de lentes de sol con operación México; logística tercerizada con Logisfashion; expansión retail activa en 2026,"Country Manager México. Expansión retail 2026 (óptica Cuernavaca, próxima apertura Explanada Puebla, alianza Gicsa para 8+ ubicaciones más). Fit iMile: CEDI 3PL en EdoMex, venta multicanal (Liverpool, Walmart, Mercado Libre).",1,Requiere enriquecimiento de email,nuevas tiendas 2026,"Qué tal Joshua,

Vi que Hawkers sigue abriendo puntos de venta este 2026, con la nueva óptica en Cuernavaca y la que viene en Explanada Puebla, además de la alianza con Gicsa para más ubicaciones.

Cada tienda nueva suma presión a la distribución de inventario y a los envíos directos al cliente en Liverpool, Walmart y Mercado Libre.

En iMile recolectamos en Estado de México y entregamos a nivel nacional con daños y pérdidas menores a 0.01%.

Desconozco cómo lo están resolviendo hoy con tantos puntos nuevos.

¿Tienes 10 minutos esta semana?","Qué tal Joshua, vi la expansión de Hawkers este 2026 (Cuernavaca, Puebla, alianza Gicsa). En iMile recolectamos en EdoMex y entregamos a nivel nacional con menos de 0.01% en daños/pérdidas. ¿Cómo está aguantando la distribución con tantas tiendas nuevas?"
Carlos,González Pérez,CEO,https://mx.linkedin.com/in/cgonzalez6,"Guadalajara, Jalisco",,STF (Stuffactory),stf.tech,,"Guadalajara, Jalisco",Electrónica pequeña (audio/wearables),,"Marca mexicana de audio/wearables (audífonos, bocinas, smartwatches); sede en Guadalajara","CEO fundador. Crecimiento >30% YoY (Milenio) y producto viral STF Aurum en Amazon México. Fit iMile: sede/operación en GDL, paquete <1kg, fuerte tracción en marketplaces.",1,Requiere enriquecimiento de email,crecimiento del 30%,"Qué tal Carlos,

Vi la nota de Milenio sobre el crecimiento de STF arriba del 30% anual y el éxito del STF Aurum en Amazon México. Ese ritmo suele traer picos de pedidos que la logística tiene que aguantar sin tronar.

En iMile recolectamos en Guadalajara y entregamos a nivel nacional en más de 1,300 ciudades, con red propia del 99.3%.

Desconozco cómo lo están resolviendo hoy en temporada alta.

¿Tienes 10 minutos esta semana para platicarlo?","Qué tal Carlos, vi el crecimiento de STF arriba del 30% anual y el éxito del STF Aurum en Amazon. En iMile recolectamos en Guadalajara y entregamos en más de 1,300 ciudades con red propia del 99.3%. ¿Cómo está aguantando la logística ese ritmo?"
Alejandro,Blancas,Gerente de Logística,https://www.linkedin.com/in/alejandro-blancas-233b2a18/,Zona Metropolitana CDMX,,Steve Madden México,stevemaddenmexico.com.mx,,"Cuautitlán Izcalli, Estado de México (CEDI GEODIS)",Calzado y moda,,Operación mexicana de la marca de calzado Steve Madden; CEDI operado por GEODIS en Cuautitlán Izcalli,"Gerente de Logística. CEDI GEODIS con 60% de capacidad asignada a mayoreo/retail/ecommerce (Milenio, T21). Fit iMile: CEDI confirmado en EdoMex, ya opera con 3PL (abierto a proveedores adicionales).",2,Requiere enriquecimiento de email,recolección en edomex,"Qué tal Alejandro,

Vi que el CEDI de Steve Madden en Cuautitlán Izcalli con GEODIS ya tiene el 60% de su capacidad asignada a mayoreo, retail y ecommerce. Con ese volumen, el costo por envío y la tasa de entrega al primer intento pesan directo en el margen.

En iMile recolectamos ahí mismo en Estado de México y entregamos a nivel nacional con tasa de éxito arriba de 98.5%.

Desconozco cómo lo están resolviendo hoy con ese volumen.

¿Tienes 10 minutos esta semana?","Qué tal Alejandro, vi que el CEDI de Steve Madden en Cuautitlán Izcalli ya tiene 60% de capacidad en mayoreo, retail y ecommerce. En iMile recolectamos ahí mismo y entregamos a nivel nacional con 98.5% de éxito. ¿Cómo está el costo por envío con ese volumen?"
Sergio,de la Cruz,Coordinador de Operaciones,https://www.linkedin.com/in/sergio-de-la-cruz-8759b7182/,"Gustavo A. Madero, CDMX",,Steve Madden México,stevemaddenmexico.com.mx,,"Cuautitlán Izcalli, Estado de México (CEDI GEODIS)",Calzado y moda,,Operación mexicana de la marca de calzado Steve Madden; CEDI operado por GEODIS en Cuautitlán Izcalli,"Coordinador de Operaciones, puerta de entrada. Mismo fit que Alejandro Blancas; útil como contacto alterno o para llegar al decisor si Alejandro no responde.",3,Requiere enriquecimiento de email,devoluciones y entregas,"Qué tal Sergio,

Vi que llevas la coordinación de operaciones en Steve Madden México. Con el volumen que mueve el CEDI de Cuautitlán Izcalli, las devoluciones y la tasa de entrega al primer intento suelen ser el dolor del día a día.

En iMile recolectamos en Estado de México y entregamos a nivel nacional con daños y pérdidas menores a 0.01%.

Desconozco cómo lo están resolviendo hoy.

¿Tienes 10 minutos esta semana? Si Alejandro es quien decide sobre proveedores de paquetería, con gusto le comparto directo.","Qué tal Sergio, vi tu rol en operaciones de Steve Madden México. En iMile recolectamos en EdoMex y entregamos a nivel nacional con menos de 0.01% en daños/pérdidas. ¿Cómo están las devoluciones con el volumen del CEDI? Si Alejandro decide sobre paquetería, con gusto le comparto."
Alberto,Contreras Lerma,"VP, Supply Chain (Full Price and Off Price)",https://mx.linkedin.com/in/albertocontrerasl,CDMX,,Grupo AXO,grupoaxo.com,,"Toluca y Tultitlán, Estado de México",Operador multi-marca moda/belleza (retail D2C con licencias internacionales),,"Operador de marcas internacionales bajo licencia en México (Bath & Body Works, Aeropostale, etc.); CEDIS propios en Toluca y Tultitlán","VP Supply Chain, ex-GEODIS Contract Logistics LATAM. Señal: 290+ vacantes activas (Computrabajo/Glassdoor), varias en CEDIS, julio 2026. Fit iMile: CEDIS confirmados en EdoMex, múltiples marcas con volumen alto.",1,Requiere enriquecimiento de email,picos de contratación,"Qué tal Alberto,

Vi que Grupo AXO tiene más de 290 vacantes abiertas ahorita, varias en operación de CEDIS. Ese ritmo de contratación normalmente viene acompañado de presión en costo por envío y devoluciones en las marcas que manejan.

En iMile recolectamos en Toluca y Tultitlán y entregamos a nivel nacional con tasa de éxito arriba de 98.5%.

Desconozco cómo lo están resolviendo hoy con tantas marcas bajo un mismo supply chain.

¿Tienes 10 minutos esta semana?","Qué tal Alberto, vi las 290+ vacantes abiertas en Grupo AXO, varias en CEDIS. En iMile recolectamos en Toluca y Tultitlán y entregamos a nivel nacional con 98.5% de éxito. ¿Cómo está el costo por envío con tantas marcas en el mismo supply chain?"
Fernanda,Amador,Director of Supply,https://mx.linkedin.com/in/fernanda-amador-980242161/,CDMX,,Grupo AXO,grupoaxo.com,,"Toluca y Tultitlán, Estado de México",Operador multi-marca moda/belleza (retail D2C con licencias internacionales),,"Operador de marcas internacionales bajo licencia en México (Bath & Body Works, Aeropostale, etc.); CEDIS propios en Toluca y Tultitlán",Director of Supply (ascenso reciente desde Sr Manager Operations). Fit iMile: misma señal que Alberto Contreras; ángulo distinto enfocado en capacidad de picos y recolección.,1,Requiere enriquecimiento de email,capacidad en picos,"Qué tal Fernanda,

Vi tu ascenso a Director of Supply en Grupo AXO. Con la cantidad de marcas que manejan (Bath & Body Works, Aeropostale, entre otras), los picos de demanda deben ser un reto constante para la recolección y la capacidad de entrega.

En iMile escalamos de 400,000 a 1,000,000 de paquetes diarios sin fricción en fechas como Buen Fin.

Desconozco cómo lo están resolviendo hoy en esos picos.

¿Tienes 10 minutos esta semana? Si Alberto lleva la parte de proveedores, con gusto le comparto directo.","Qué tal Fernanda, vi tu ascenso a Director of Supply en Grupo AXO. En iMile escalamos de 400k a 1M paquetes diarios sin fricción en picos como el Buen Fin. ¿Cómo está la capacidad de recolección con tantas marcas bajo AXO?"
Erika Alejandra,Salazar,Sr Director Estrategia Omnicanal / Experiencia Cliente / Digital / Retail,https://mx.linkedin.com/in/erika-alejandra-salazar-00b2596a,Ciudad de México,,Grupo AXO,grupoaxo.com,,"Toluca y Tultitlán, Estado de México",Operador multi-marca moda/belleza (retail D2C con licencias internacionales),,"Operador de marcas internacionales bajo licencia en México (Bath & Body Works, Aeropostale, etc.); CEDIS propios en Toluca y Tultitlán","Directora de eCommerce/omnicanal. Ángulo distinto: experiencia postventa y rastreo en vez de costo logístico puro. Fit iMile: visibilidad de red y tasa de éxito, relevante para reseñas por entregas.",1,Requiere enriquecimiento de email,experiencia postventa,"Qué tal Erika,

Vi que llevas la estrategia omnicanal y de experiencia de cliente en Grupo AXO. Con tantas marcas vendiendo en línea a la vez, el rastreo y las reseñas negativas por entregas suelen pegarle directo a la experiencia postventa.

En iMile ofrecemos visibilidad de red completa y tasa de éxito arriba de 98.5% en las entregas.

Desconozco cómo lo están resolviendo hoy en ese frente.

¿Tienes 10 minutos esta semana? Si Alberto o Fernanda llevan la parte logística, con gusto les comparto también.","Qué tal Erika, vi tu rol en estrategia omnicanal y experiencia de cliente en Grupo AXO. En iMile damos visibilidad de red completa y 98.5% de éxito en entregas. ¿Cómo está el rastreo y las reseñas por entregas con tantas marcas en línea?"
