empresa,dominio,fecha
Betterware de México,betterware.com.mx,2026-07-24
MásRefacciones.mx,masrefacciones.mx,2026-07-24
Andrea (Fábricas de Calzado Andrea),andrea.com,2026-07-24
Cklass,cklass.com,2026-07-24
Grupo Martí / Deportes Martí,marti.mx,2026-07-24
Innovasport,innovasport.com,2026-07-24
LAIKA Mascotas,laika.com.mx,2026-07-24
Pineda Covalín,pinedacovalin.com,2026-07-24
Distroller,distroller.com,2026-07-24
BigAuto.mx,bigauto.mx,2026-07-24
Limited Edition,limitededition.mx,2026-07-24
GNC México,gnc.com.mx,2026-07-24
